timestamp,update_num,policy_loss,value_loss,entropy,approx_kl,clip_fraction,explained_variance,buffer_avg_reward,buffer_win_rate,cumulative_pnl,cumulative_trades,cumulative_win_rate
2026-01-12T03:53:31.229838,1,-0.036879345192573965,1.016328763216734,0.9189006127417088,0.015651709531084634,0.158203125,-0.03305375392640064,0.03779420581379405,0.0390625,13.74833452620998,41,0.24390243902439024
2026-01-12T03:54:24.627415,2,-0.05164823536761105,0.6008207477629185,0.8849282577633858,0.005427410255651921,0.147265625,-0.02793129487881485,-0.005706358943944521,0.05859375,15.42155951450359,85,0.29411764705882354
2026-01-12T03:55:19.582524,3,-0.047642267076298594,39.642052421967186,0.9145003681381544,0.01377713781160613,0.11588541666666667,-0.013179392080547414,0.31448663845271846,0.06640625,132.26628998039303,125,0.336
2026-01-12T03:56:18.404676,4,-0.03329033047581712,4.341690440972646,0.95003242790699,0.01766660336094598,0.1328125,-0.03418842777104336,0.10095281973621437,0.0625,175.10798515288116,157,0.37579617834394907
2026-01-12T03:57:10.225319,5,-0.0417679479966561,1.0372807333866756,1.0015063683191936,0.015062352312573543,0.059895833333333336,-0.023850363609047687,-0.0013983117618115708,0.01953125,176.59378457054106,173,0.3699421965317919
2026-01-12T03:58:04.561197,6,-0.037850053321259715,0.016372480468514066,0.9781725332140923,0.010773690378603836,0.09114583333333333,-1.927100190851338,-0.0037659168809319773,0.0078125,177.20505520266693,183,0.36065573770491804
2026-01-12T03:58:57.134220,7,-0.05326673281379044,0.0027215465903282165,1.017568163573742,0.007733672065660358,0.25703125,-2.32206882709361,-0.004205124169048841,0.00390625,177.65486826621097,184,0.3641304347826087
2026-01-12T03:59:53.991107,8,-0.042415843034784,0.0008371531002921984,1.0344858864943187,0.018061850413990516,0.19270833333333334,-28.848630884170756,-0.0054332143101428,0.0,177.65486826621097,184,0.3641304347826087
2026-01-12T04:00:51.924537,9,-0.030785041046328843,0.11272972589358687,0.9024856835603714,0.016184820618946105,0.1845703125,-0.006396838423176954,-0.014710263985067503,0.01171875,174.2628359783513,204,0.3431372549019608
2026-01-12T04:01:45.793665,10,-0.05121917077340186,0.4283540233969688,0.9232434704899788,0.0021676389733329415,0.203515625,0.009638124360106026,0.023341396546375195,0.06640625,184.31072243221152,242,0.359504132231405
2026-01-12T04:02:43.722289,11,-0.029882998671382666,0.4210783112794161,0.890855710953474,0.0045557656267192215,0.1826171875,-0.021314862787622513,-0.04862502138975058,0.03515625,174.75234641533643,285,0.34385964912280703
2026-01-12T04:03:35.197160,12,-0.05583031782880425,11.935391366481781,0.8636122152209282,0.00044988628360442817,0.1546875,0.0009887919291988734,-0.11382721375769862,0.02734375,135.1375993974437,314,0.3343949044585987
2026-01-12T04:04:24.780041,13,-0.02002165342370669,10.617960135142008,0.7886889825264612,0.01971485302783549,0.15494791666666666,0.028097922069295067,0.2172465709869167,0.046875,216.11454378879915,351,0.3333333333333333
2026-01-12T04:05:16.357765,14,-0.019891688250936568,3.595379486680031,0.8499065265059471,0.013717112189624459,0.134765625,0.002954046665909482,0.14165994815196792,0.06640625,270.3732153847874,394,0.3426395939086294
2026-01-12T04:06:15.930032,15,-0.04326934963464737,2.17653971016407,0.8231491729617119,0.00929524826060515,0.115625,0.01318251588469932,-0.09158450609332597,0.04296875,231.21976936101086,438,0.3333333333333333
2026-01-12T04:07:11.801150,16,-0.03949338368450602,12.605284492174784,0.8991401460435655,0.010149038985319849,0.10199652777777778,0.006464200352857663,0.1888054320372404,0.05078125,311.3326264682508,476,0.33613445378151263
2026-01-12T04:08:05.823838,17,-0.04667523261159658,1.4475511133670806,0.849381123483181,0.009416484128450975,0.16484375,0.01605875481123764,0.0714288064736072,0.0703125,339.56127962142136,528,0.3371212121212121
2026-01-12T04:09:00.626684,18,-0.052345514194005065,0.9014215957787302,0.8811224119530784,0.01161957317445841,0.1853298611111111,-0.0016343413113213412,-0.01319878508547553,0.0390625,335.5257331300054,581,0.32358003442340794
2026-01-12T04:10:03.510352,19,-0.04698468192613551,1.8811437147004264,0.9253977302994046,0.013419677927491389,0.14508928571428573,0.07067601304069748,-0.06769800061354804,0.0390625,310.1744565182642,626,0.31789137380191695
2026-01-12T04:10:56.424473,20,-0.041482963715679944,1.5198297966271639,0.8963492698967457,0.012116046382288914,0.1376953125,0.012433110530001401,-0.03959918305334966,0.05078125,302.0111982253083,674,0.314540059347181
2026-01-12T04:11:50.499205,21,-0.05381626472808421,1.363851335644722,0.8880070477724076,0.012877405452309176,0.103515625,-0.02459260177411471,-0.038518105985830976,0.04296875,289.97839117437536,745,0.3006711409395973
2026-01-12T04:12:50.446710,22,-0.0486247293651104,1.8113684117794038,0.8870644986629486,0.00939416336477734,0.18515625,0.01191192517741857,-0.049874394249465034,0.078125,273.7851715261632,810,0.3012345679012346
2026-01-12T04:14:09.994117,23,-0.037392863227675356,3.8188839281598725,0.8887302776177725,0.012443379984082034,0.09505208333333333,-0.008495308075004093,-0.1196644491957479,0.08984375,232.03932923018502,911,0.29308452250274425
2026-01-12T04:15:16.588814,24,-0.021143424324691296,0.42999763041734695,0.8400251567363739,0.02643215493299067,0.03125,-0.03506731006340025,-0.007912857507305953,0.03125,231.1471825200754,940,0.2925531914893617
2026-01-12T04:16:09.478329,25,-0.03966597206890583,0.2516456574201584,0.6776051819324493,-0.0025604524940717964,0.11953125,0.0032110674662165772,-0.020150158413272418,0.0234375,225.78146129823824,963,0.29179646936656284
2026-01-12T04:16:59.976386,26,-0.033694390673190355,1.6125567356745403,0.8427863915761312,0.013477249788896492,0.13411458333333334,0.029944211427310963,0.08969261426141392,0.05859375,260.5736266096046,990,0.298989898989899
2026-01-12T04:17:51.688646,27,-0.04963640419300645,0.21546851117163895,0.8140629678964615,0.008699471849831752,0.189453125,0.007742680722432005,0.015883273605822635,0.046875,268.39761667452257,1035,0.2975845410628019
2026-01-12T04:18:44.329746,28,-0.04911864418536425,0.248175997287035,0.8135821297764778,0.007932277713553048,0.161328125,0.038181717890261924,0.0273012304895271,0.05078125,281.6067479862153,1076,0.2992565055762082
2026-01-12T04:19:42.331414,29,-0.050200233003124595,0.8544445231556892,0.8826116606593132,0.0034902906889328735,0.127734375,-0.13818241359469186,0.05383792802292325,0.078125,302.10191259184626,1126,0.302841918294849
2026-01-12T04:20:38.631568,30,-0.047689199633896354,1.095838449895382,0.8469905823469162,0.0028645659767789766,0.080859375,0.06977440010795877,0.012031936976994949,0.05078125,308.5407140125515,1180,0.3
2026-01-12T04:21:30.538399,31,-0.036450088024139404,0.3731668684631586,0.8019166253507137,0.013020067955949344,0.0869140625,-0.035552994967205764,0.023758470426499496,0.0625,319.2656542191615,1229,0.30105777054515864
2026-01-12T04:22:27.450057,32,-0.03795274435542524,0.3202581131830812,0.7761234194040298,-0.0021342766529414805,0.128515625,-0.01485711552449831,0.024468236111109355,0.046875,330.25885009202915,1291,0.29589465530596437
2026-01-12T04:23:32.038980,33,-0.036120556946843865,0.15533259930089116,0.7247276827692986,0.008161709626438095,0.065625,0.05231682402098636,0.021116096436563512,0.05078125,340.0241013639758,1348,0.293026706231454
2026-01-12T04:24:29.726732,34,-0.04607559284195304,0.8310912758111954,0.8013373926281929,0.006495106033980846,0.08984375,0.11955617633748972,0.030211057370761997,0.05078125,353.12235089294916,1402,0.29101283880171186
2026-01-12T04:25:24.066491,35,-0.03870948413386941,5.953784143924713,0.8036202862858772,0.007902205805294216,0.07890625,-0.023139745394336497,0.0877839818018997,0.0390625,387.25093842227454,1458,0.28669410150891633
2026-01-12T04:26:31.585441,36,-0.04392486438155174,1.974582999944687,0.7775688782334328,0.0005288771586492658,0.08046875,0.012157376152003296,-0.024792426531703125,0.046875,380.30918857087823,1516,0.2836411609498681
2026-01-12T04:27:37.656170,37,-0.039783764514140785,29.597577333450317,0.8400782694419225,0.015428776804280156,0.11067708333333333,0.007728509840486675,-0.03153740803546226,0.0390625,370.9231524702194,1574,0.2795425667090216
2026-01-12T04:28:48.589736,38,-0.04362023486755788,17.74133129119873,0.7423013284802437,0.009578114235773682,0.1078125,0.025095610930360834,-0.06129768864711206,0.0703125,350.56203135125276,1645,0.278419452887538
2026-01-12T04:30:06.780817,39,-0.00888849887996912,4.197175204753876,0.5975755453109741,0.043732327059842646,0.0546875,0.0064068364436256076,-0.11246687623273378,0.04296875,311.4657996403779,1723,0.2721996517701683
2026-01-12T04:31:05.920982,40,-0.03221360673196614,1.0730434462428093,0.5751164525747299,0.0017470999358920381,0.094140625,-0.09534691436592535,0.07107903488873282,0.02734375,339.50268059136715,1747,0.2724670864338867
2026-01-12T04:32:00.592546,41,-0.0463928711704082,0.5431203792492548,0.651939128835996,0.013735050988745771,0.10546875,-0.632925642602868,0.028604542770609448,0.04296875,352.02072380412017,1775,0.27436619718309857
2026-01-12T04:32:53.403841,42,-0.03877761815674603,0.1601504199206829,0.7108071580529213,0.010972706662141719,0.102734375,-0.3424646238343434,-0.009008224576197023,0.02734375,350.7933108515556,1816,0.2720264317180617
2026-01-12T04:33:51.067674,43,-0.04013784637209028,0.47208115132525563,0.7801469657570124,0.0146069101174362,0.09912109375,0.15337347233911014,0.01648371367785706,0.04296875,357.80907244838664,1862,0.2712137486573577
2026-01-12T04:34:51.820441,44,-0.04675215071377655,0.31305253009001416,0.809271884461244,0.007894972135545686,0.11588541666666667,-0.07192974172800826,0.0078041339237006485,0.03515625,363.8034729657368,1909,0.26925091671031953
2026-01-12T04:35:47.697336,45,-0.02772031631320715,0.10347616765648127,0.8313498646020889,0.021412284579128027,0.05859375,-0.2514487607305078,0.0035033963140550482,0.01953125,367.1530580508624,1949,0.2662904053360698
2026-01-12T04:36:41.076335,46,-0.03362326920032501,0.24243970327079295,0.8325594156980515,0.012561916146660223,0.1140625,-0.367340461751235,0.0029730448056552727,0.0234375,370.31274067562595,2000,0.2625
2026-01-12T04:37:37.418315,47,-0.04772616160335019,4.592164024710655,0.8566840477287769,0.011776202358305454,0.150390625,-0.00161277456903397,-0.015895871463492958,0.0546875,367.170874046798,2057,0.2625182304326689
2026-01-12T04:38:47.929264,48,-0.05011838604696095,0.9950425162911415,0.8432010322809219,0.0035410521610174327,0.102734375,0.08998354419094479,0.05615530869668599,0.0546875,389.1566394194407,2099,0.26345878989995236
2026-01-12T04:39:48.705762,49,-0.05952798491343856,1.8516860917210578,0.8891232326626778,-0.0007072136620990932,0.122265625,0.07546104143122101,-0.018505894134920067,0.03515625,385.65221212991304,2154,0.26137418755803155
2026-01-12T04:40:44.401708,50,-0.044933630945160986,1.1993672639131545,0.8556917503476142,0.0013238567858934402,0.0953125,-0.033480531982422956,-0.08948717884075369,0.02734375,353.88597375032896,2207,0.25781603987313095
2026-01-12T04:41:59.132082,51,-0.033294541761279106,151.63938035964966,0.7401081636548043,0.010673364804824814,0.11640625,0.01304453717220333,0.5229492558537897,0.05859375,560.8508319384194,2253,0.2600976475810031
2026-01-12T04:42:55.622158,52,-0.0443064006511122,3.8988932847976683,0.7245497897267341,0.01009257793193683,0.071875,0.0010206082116497317,0.12451611102628954,0.05859375,608.9571564701814,2291,0.26233085988651245
2026-01-12T04:44:03.073388,53,-0.03835347550921142,2.9371871769428255,0.7054443463683129,0.004985439786105416,0.110546875,-0.021347645317320696,0.017645994589663573,0.0546875,617.3024003537377,2364,0.26015228426395937
2026-01-12T04:45:11.572520,54,-0.029116999171674252,0.11944763399660588,0.6753165021538734,0.007590353512205184,0.047265625,-0.41015943996732007,-0.018159836552430978,0.0390625,613.240328644524,2407,0.2596593269630245
2026-01-12T04:46:07.168445,55,-0.03461801512166858,0.48307260051369666,0.5903541624546051,0.006824353488627821,0.125390625,-0.019969024806904656,0.031856536137914934,0.03515625,627.513074700723,2432,0.2611019736842105
2026-01-12T04:47:07.333684,56,-0.039477760042063895,0.19181187096983193,0.5970035597682,0.0069694306614110245,0.143359375,-0.20463309420287623,-0.0158565041814167,0.01953125,623.9131501243639,2453,0.260905014268243
2026-01-12T04:48:04.028550,57,-0.048955976078286764,0.39973280727863314,0.6472157925367356,0.00802832146291621,0.112109375,-0.12753282375292496,0.0250369767296886,0.046875,632.8700864651375,2490,0.26184738955823295
2026-01-12T04:49:05.887951,58,-0.030814000056125224,0.7447671942412853,0.6518685594201088,0.009329976458684542,0.1015625,0.0019674900573267706,-0.06204791756799033,0.015625,614.7756295788612,2518,0.26052422557585386
2026-01-12T04:50:15.332035,59,-0.037570546544156966,2.9959335803985594,0.7830980032682419,0.0028931308770552278,0.095703125,0.021843510228915064,0.022297029928227612,0.02734375,625.2090448243778,2551,0.2598980791846335
2026-01-12T04:51:15.721674,60,-0.031048248521983624,2.7536881268024445,0.7768563032150269,0.020159133826382458,0.04296875,0.0269899953507724,-0.09703049266596458,0.02734375,591.7221188882395,2589,0.25878717651602934
2026-01-12T04:52:13.887732,61,-0.04006282556802034,12.014882564544678,0.7911051243543625,0.011714463896350936,0.089453125,0.0066270448106307,0.1519181972486152,0.03515625,649.8991248709251,2622,0.2589626239511823
2026-01-12T04:53:09.490494,62,-0.03833572977843384,14.569578727086386,0.8360350901881853,0.01383740981691517,0.11979166666666667,0.016056939172777507,-0.10526989422834514,0.046875,613.3455112567365,2665,0.2592870544090056
2026-01-12T04:54:12.377868,63,-0.045790190855041144,12.99607264995575,0.8160511747002601,0.004538683622376994,0.1203125,0.0171254226094828,0.06597680684479587,0.04296875,639.909934339794,2717,0.2583732057416268
2026-01-12T04:55:14.724768,64,-0.048200931726023556,12.215841913223267,0.8148522958159446,0.01531427275040187,0.142578125,0.02477869984802783,-0.11557398942570507,0.04296875,599.2534334445941,2772,0.25721500721500723
2026-01-12T04:56:22.505449,65,-0.033114473801106215,3.6648255387941995,0.7702459792296091,0.014863181102555245,0.09114583333333333,-0.054941925501880595,-0.15112114027584098,0.015625,545.6239817414374,2836,0.25282087447108603
2026-01-12T04:57:19.948635,66,-0.04118549572303891,2.6098798751831054,0.7251817584037781,0.012908302439609543,0.125,-0.04774691118792451,-0.027893930769601696,0.01953125,537.4959035399264,2884,0.2503467406380028
2026-01-12T04:58:17.585296,67,-0.036683460364916494,5.279782235622406,0.6953199463231223,0.014663553181370454,0.10267857142857142,-0.0008664328776613051,-0.1856727651058837,0.01171875,471.0240300824925,2909,0.2492265383293228
2026-01-12T04:59:23.064587,68,-0.029927072373943195,1.4805786725547578,0.651731852028105,0.004332687375911822,0.13932291666666666,-0.01910190642220755,-0.05366549648673483,0.0,453.2954102458511,2919,0.24837273038711888
2026-01-12T05:00:34.672870,69,0.0023047062568366528,0.17106351628899574,0.6199597269296646,0.053740234579890966,0.05859375,-1.5524817349053763,0.000636045694068086,0.01171875,455.16830856279734,2945,0.24719864176570458
2026-01-12T05:01:30.779573,70,-0.03534038931441804,0.787901317079862,0.721385178466638,0.013474963086385591,0.095703125,-0.047567232492688793,0.04227041375602754,0.0703125,473.342733324944,3007,0.24808779514466245
2026-01-12T05:02:26.428829,71,-0.04408546909689903,0.8514668643474579,0.6853380978107453,-0.0018918360467068851,0.185546875,-0.054931174059781096,0.060606495044105375,0.08203125,498.1599256556944,3080,0.24935064935064935
2026-01-12T05:03:21.884560,72,-0.02948915313463658,1.40968726426363,0.6554262802004814,0.006192805466707796,0.102734375,0.013387483456659965,0.006659387859181943,0.0703125,502.40902822682375,3153,0.24896923564858864
2026-01-12T05:04:25.325237,73,-0.03437478821724653,3.419438487291336,0.6888690128922462,0.00046994113945402204,0.105078125,0.0385471753640918,0.14775079423520426,0.078125,564.1021283468086,3226,0.25015499070055797
2026-01-12T05:05:21.746322,74,-0.04937607711181045,0.8691328294575215,0.7227651536464691,0.0030195384460967034,0.152734375,0.016595223740749065,0.058256792445610196,0.0859375,582.7775554773815,3305,0.2502269288956127
2026-01-12T05:06:25.507913,75,-0.043161717150360344,0.5597050115466118,0.6709402456879616,0.01566828085342422,0.09296875,-0.07702965652020621,0.05546939876210526,0.0859375,605.4332789568444,3389,0.2505163765122455
2026-01-12T05:07:42.846459,76,-0.030963075812906027,1.0502275601029396,0.6820518113672733,0.015062981256050989,0.0830078125,-0.013250685559148767,0.03904819034225274,0.04296875,621.1147484259149,3463,0.24833958995090963
2026-01-12T05:08:48.633956,77,-0.036210802290588616,0.8187914006412029,0.5936636000871658,0.009979576626210473,0.08984375,0.00422834954002127,0.05249254186971787,0.05859375,643.6096033057463,3509,0.2493587916785409
2026-01-12T05:09:48.026922,78,-0.032535413186997174,0.25375734344124795,0.6462864384055138,0.002990557099110447,0.096484375,-0.040929059903938025,0.026794322583352834,0.046875,652.6150706070919,3574,0.24818130945719083
2026-01-12T05:10:47.629251,79,-0.034459277708083394,1.2609247766435145,0.6568939924240113,0.0032751440769061444,0.08984375,0.006883349649809634,0.08060097704631762,0.046875,684.5544969205458,3637,0.24718174319494088
2026-01-12T05:11:51.332247,80,-0.03872024966403842,3.5108397603034973,0.7612455070018769,0.010695029172347858,0.140625,0.011312083238378068,0.12433357858562338,0.07421875,733.1297825432029,3692,0.2489165763813651
2026-01-12T05:12:49.110224,81,-0.04532094304449856,1.1649858698248863,0.7572339236736297,0.001768173067830503,0.14765625,0.010598486660063355,-0.020837924976054932,0.046875,727.7333739913113,3750,0.24826666666666666
2026-01-12T05:13:59.916069,82,-0.03919126428663731,10.791330480575562,0.748162391781807,0.012934463901910932,0.0734375,0.012398448814575969,-0.0700513652323954,0.08203125,769.7052191138321,3837,0.24837112327339067
2026-01-12T05:15:24.528373,83,-0.015535365790128708,6.035633772611618,0.6397993266582489,0.0505779841914773,0.0390625,-0.019150709413327194,-0.06804651705511487,0.05078125,740.9383539339957,3885,0.24864864864864866
2026-01-12T05:16:23.611318,84,-0.04205350633710623,1.3812139376997947,0.5911286070942878,0.010671179497148842,0.1109375,-0.06149714629237346,-0.08712814058448105,0.01953125,710.9791413104729,3930,0.2470737913486005
2026-01-12T05:17:30.308686,85,-0.03638274953700602,1.1773210376501084,0.6368665620684624,-0.010169271638733334,0.127734375,-0.04459229434252787,0.003958225650185555,0.03515625,714.7012620150352,3982,0.24610748367654445
2026-01-12T05:18:29.104219,86,-0.02892187738325447,4.274985801428556,0.626323414966464,0.00667695322772488,0.08837890625,0.016962896286290774,0.04734408033273008,0.0703125,734.465596327788,4045,0.24672435105067986
2026-01-12T05:19:25.255544,87,-0.04136893874965608,1.1999768316745758,0.6816225245594978,0.00749023804673925,0.119921875,0.02917693524117393,0.10753437713812657,0.10546875,776.509016591881,4113,0.24920982251398005
2026-01-12T05:20:22.748856,88,-0.03858018633244293,0.1153602980609451,0.6829561953033719,0.014314604956390602,0.11160714285714286,-0.10699024209686003,-0.005619481857362774,0.046875,773.5792209121018,4178,0.24820488271900432
2026-01-12T05:21:28.615006,89,-0.04273814740590751,0.16807814817875624,0.627338932454586,0.005948792278650217,0.103125,-0.04843296493071736,-0.005650725553934375,0.03125,775.1598462055935,4238,0.2465785747994337
2026-01-12T05:22:24.533403,90,-0.036987745715305206,0.4949009925127029,0.6619985893368721,0.01188867786549963,0.162890625,0.05467761184650177,-0.0186662966022037,0.03515625,770.5615142772217,4314,0.24432081594807603
2026-01-12T05:23:32.332823,91,-0.028130757994949816,2.2764496564865113,0.6390772610902786,0.012071000586729497,0.0796875,-0.03029951242529738,-0.015236717404775788,0.0390625,767.220555564145,4378,0.24303334856098674
2026-01-12T05:24:32.201131,92,-0.04306615350974931,3.517572717534171,0.6790017700857587,0.012918401263757713,0.12803819444444445,0.07913255071365122,0.08479074271027838,0.05859375,840.3431185084032,4442,0.24313372354795137
2026-01-12T05:25:32.394684,93,-0.03169128601439297,12.46137912273407,0.7138086944818497,0.003114539704984054,0.08671875,0.006994428181933743,-0.010556432840384327,0.06640625,799.242790704368,4523,0.24231704620826885
2026-01-12T05:26:39.141576,94,-0.03681050967425108,7.447352159023285,0.7553425833582879,0.00810143505805172,0.038671875,0.037371656681209564,-0.014843433427039315,0.0625,796.0517533964294,4605,0.24147665580890337
2026-01-12T05:27:37.497681,95,-0.03973115650005639,5.789468318223953,0.718472047150135,0.0036205859563779087,0.0921875,0.00045300388844804473,0.05650230425471104,0.0390625,819.2753232738203,4666,0.24046292327475355
2026-01-12T05:28:58.550221,96,-0.042452748445793984,10.934755247831344,0.7149757772684098,0.006791134597733617,0.09609375,-0.02520313547520292,0.08954748583383625,0.0546875,854.7970805265846,4742,0.23956136651202026
2026-01-12T05:30:15.280157,97,-0.015922089107334614,2.9122881293296814,0.7449229806661606,0.03165842226007953,0.0234375,0.005681971572565336,-0.07221075152780693,0.0234375,830.3523264928965,4782,0.23881221246340442
2026-01-12T05:31:14.632031,98,-0.034151561791077256,0.9322201408445835,0.59453164935112,0.009161690232576802,0.090234375,-0.12997114486633854,0.03148441917889462,0.0703125,844.3459136377675,4837,0.2398180690510647
2026-01-12T05:32:13.295774,99,-0.03504642890766263,0.7747735058267912,0.6632796476284663,0.00768556280915315,0.07118055555555555,0.003399799313992702,0.01020546025332961,0.0546875,850.4617643492463,4898,0.23968966925275623
2026-01-12T05:33:11.038804,100,-0.037486830120906235,0.09804536029696465,0.6301208347082138,0.01052458633785136,0.08828125,-0.294500428984908,0.008345708633429797,0.03125,855.8839190762999,4951,0.2387396485558473
2026-01-12T05:34:17.995439,101,-0.03524543265812099,0.42291582077741624,0.5852266862988472,-0.0031068126525497066,0.075390625,0.051186237413518465,0.057861428978662595,0.0625,879.648451370651,5005,0.23936063936063937
2026-01-12T05:35:15.700518,102,-0.03639417162630707,1.4490014806389808,0.568565659224987,0.009468666423344985,0.132421875,0.02610614946514933,0.050136850815454916,0.046875,900.5666186653461,5050,0.2396039603960396
2026-01-12T05:36:13.430920,103,-0.03805256438338094,0.6450516771939065,0.6421691841549344,0.012262331751925457,0.1480034722222222,0.11551442066302509,-0.015813825486346023,0.01953125,897.0755921711337,5099,0.2382820160815846
2026-01-12T05:37:17.541629,104,-0.0262672683224082,0.24806016962975264,0.5443368040025234,2.579393913038075e-05,0.12109375,0.26458766688739743,0.021538330809770478,0.02734375,907.3998950709612,5145,0.23751214771622936
2026-01-12T05:38:14.878714,105,-0.02688900693319738,1.1712165534496308,0.5710447639226913,-0.0013430594990495592,0.046875,-0.029310213669200502,0.07720286988932605,0.05078125,938.3401258137474,5187,0.23809523809523808
2026-01-12T05:39:14.633517,106,-0.035989169497042894,0.7203876748681068,0.6309759199619294,0.005687042445060797,0.090625,-0.16814864636654359,0.04141614066874762,0.04296875,956.0435789051853,5230,0.23824091778202677
2026-01-12T05:40:21.271878,107,-0.03198737362399697,0.3683989729732275,0.7003894150257111,0.00853743042680435,0.120703125,0.006887949407245353,-0.00017468493945660052,0.046875,958.376670601552,5279,0.23830270884637242
2026-01-12T05:41:21.908627,108,-0.04232255215756595,0.27746744975447657,0.6938894182443619,0.011610624892637134,0.125390625,0.034363497158845346,-0.007675507690782856,0.046875,957.9305196176708,5336,0.23800599700149924
2026-01-12T05:42:20.170759,109,-0.037169792549684645,1.3304001167416573,0.6961627155542374,0.00783116149250418,0.05859375,-0.006054520563912202,-0.04886073425454136,0.05078125,942.2658845858186,5398,0.23768062245276028
2026-01-12T05:43:26.621155,110,-0.046101920399814846,5.242506766319275,0.6856484487652779,0.009848049317952245,0.09140625,0.02145131240471021,-0.11927823862720537,0.06640625,900.5668521437744,5471,0.23779930542862365
2026-01-12T05:44:47.952802,111,-0.034855770878493786,3.776885857184728,0.7445653428634008,0.025772158172912896,0.15364583333333334,-0.021629753450334244,0.03150625416551351,0.09375,914.5644889618942,5599,0.23664940167887122
2026-01-12T05:45:44.844385,112,-0.02186288870871067,0.08895273134112358,0.6735168546438217,0.024083976168185472,0.08984375,-0.5949140844380048,-0.019778830410138337,0.00390625,904.1508200474743,5635,0.23531499556344276
2026-01-12T05:46:38.590985,113,-0.027648244332522155,0.41713945046067236,0.639017790555954,0.013843294989783317,0.16484375,0.023302290497196676,-0.0523501611498318,0.015625,892.6058027540303,5682,0.23407250967969026
2026-01-12T05:47:45.343441,114,-0.03002067288616672,1.2503324896097183,0.5600809967145324,0.01179832938942127,0.09521484375,-0.02086550020004263,0.07840589564909235,0.0546875,923.9198835653634,5716,0.2351294611616515
2026-01-12T05:48:44.480943,115,-0.028811823483556508,3.146523043513298,0.5720002517104149,-0.00474675860023126,0.073828125,0.032520297980012436,0.05197114081114701,0.04296875,944.6728006234923,5760,0.23524305555555555
2026-01-12T05:49:42.959910,116,-0.035867232643067834,1.7585529938340188,0.6855314776301384,0.007257152505917475,0.218359375,0.07781290971812105,-0.057386733565448926,0.01953125,925.8387407440214,5814,0.23391812865497075
2026-01-12T05:50:52.567493,117,-0.014489270281046629,4.0362924337387085,0.7959786802530289,0.020718867890536785,0.109375,0.058382489559522965,-0.12511175766521607,0.0546875,881.9555038680043,5878,0.23375297720313032
2026-01-12T05:51:51.369711,118,-0.04544866466894746,26.23747308254242,0.8271326959133148,0.011721840640529991,0.112890625,0.04727485128222908,0.2085550144610967,0.0625,961.419320311488,5940,0.234006734006734
2026-01-12T05:52:48.981446,119,-0.038710404453533034,3.3366319877760753,0.8296754083463124,0.007461275913686093,0.09988839285714286,0.04897336295699817,-0.03952340375950412,0.0546875,949.1672451830319,6011,0.23357178506072201
2026-01-12T05:53:56.869571,120,-0.0219603031873703,10.991755346457163,0.7891594370206197,0.02094036785031979,0.057291666666666664,-0.019114299192332096,0.02138307457385322,0.0390625,959.6863190098103,6084,0.23257725180802105
2026-01-12T05:54:54.230515,121,-0.044738000305369494,22.02820928096771,0.7994495511054993,0.004001051979139447,0.10234375,0.00030170957053587966,0.29128365053105,0.05078125,1070.2109841396762,6160,0.2318181818181818
2026-01-12T05:55:50.165683,122,-0.039982874412089586,16.921219766139984,0.797664500772953,0.014887181809172034,0.1455078125,0.018384465557629848,0.08349746714044246,0.05859375,1104.1689840077881,6246,0.23118796029458855
2026-01-12T05:56:52.364940,123,-0.04200018811970949,5.826888531446457,0.8003292873501777,0.011376038019079715,0.089453125,-0.07658562433530447,-0.05999848255097225,0.01171875,1083.8716985631165,6300,0.22952380952380952
2026-01-12T05:57:47.096173,124,-0.0346569050103426,1.2064105309545994,0.8204493835568428,0.007425964425783605,0.111328125,-0.11845762761641931,-0.07830154534957375,0.01171875,1057.2054699537916,6323,0.2291633718171754
2026-01-12T05:58:42.089736,125,-0.037580623757094145,1.0175502508878709,0.8720029905438423,-0.004933325189631433,0.08359375,-0.07469369971701378,-0.04578539243896514,0.0,1042.615967342959,6328,0.22898230088495575
2026-01-12T05:59:43.483290,126,-0.02935941336909309,0.025117757701082155,0.8429114781320095,0.011873630224727094,0.107421875,-16.844543174362368,-0.006517966190041045,0.0,1042.615967342959,6328,0.22898230088495575
2026-01-12T06:00:45.072442,127,-0.014284514356404543,1.5611996054649353,0.5155802816152573,0.04208007245324552,0.046875,-0.015265856489585117,0.03493907423805412,0.01953125,1058.012970835003,6351,0.22894032435836875
2026-01-12T06:01:50.614541,128,-0.014508635737001896,0.44987891614437103,0.49870483577251434,0.016925201984122396,0.016927083333333332,-0.5529863999795046,0.05547774678309791,0.06640625,1081.0446431149005,6377,0.2306727301238827
2026-01-12T06:02:38.443989,129,-0.028107704361900687,0.9822923168540001,0.5353452675044537,0.013407566024397966,0.0576171875,0.09414434492445412,0.00018576782136201848,0.046875,1083.560921666351,6415,0.23117692907248635
2026-01-12T06:03:28.543470,130,-0.029191149096004666,0.6851938791573048,0.5314567044377327,0.007955892267636955,0.0453125,0.12530811160381872,0.003166612278503831,0.04296875,1087.1771176542834,6442,0.23191555417572182
2026-01-12T06:04:17.485265,131,-0.024421013379469513,0.6955932542681694,0.5473187029361725,0.011422023130580782,0.056640625,0.05593098004588426,0.01809955187706442,0.03515625,1096.3397100522982,6474,0.23215940685820205
2026-01-12T06:05:20.105321,132,-0.02722705970518291,2.5233495622873305,0.5455657675862312,0.0073587122562457806,0.077734375,0.03899831958287281,0.05985799696650296,0.05859375,1122.0540971151634,6509,0.23336918113381472
2026-01-12T06:06:13.909104,133,-0.030651148408651352,0.7854049003549984,0.6106711775064468,0.013313618542659762,0.0390625,-0.14945265000143348,0.02164618830584436,0.04296875,1132.5483380672135,6542,0.23387343320085602
2026-01-12T06:07:03.818896,134,-0.022687067580409347,0.44784231707453726,0.543439069390297,0.005697285229689442,0.035546875,-0.03356246481469127,0.039933841722241036,0.0703125,1149.825491970918,6581,0.2352226105455098
2026-01-12T06:07:55.253160,135,-0.032440400356426834,0.3764917217195034,0.5707657605409622,0.006630252001923509,0.0625,-0.3180891649320783,-0.04310185471820708,0.0234375,1136.3257669972277,6621,0.23470774807430902
2026-01-12T06:08:50.633297,136,-0.022789161031444866,0.12286667618900537,0.6262673512101173,0.01059728283144068,0.033854166666666664,-0.05924950458506473,-0.013866184906619658,0.03515625,1133.6568780853218,6672,0.23426258992805754
2026-01-12T06:09:37.954313,137,-0.03021873477846384,0.8193404652178288,0.5667080670595169,0.003802952918340452,0.045703125,0.15247706521956494,0.04119910089511332,0.05078125,1151.3948055231283,6718,0.23459362905626674
2026-01-12T06:10:36.035073,138,-0.0317494026850909,1.7861589580774306,0.5366290017962456,0.007852987434307578,0.061328125,-0.08511823508151695,0.07482741326431268,0.05078125,1181.5811294820674,6757,0.23516353411277194
2026-01-12T06:11:29.210202,139,-0.030534048052504658,0.049247802188619974,0.565925943851471,0.0013299139216542244,0.081640625,-4.351834440649741,0.004271218646947749,0.03125,1185.6579784619062,6794,0.23506034736532233
2026-01-12T06:12:23.217304,140,-0.03566719763912261,0.01795977249275893,0.6459138587117195,0.006985971092944965,0.050390625,-1.2784307490375793,-8.955708248472747e-05,0.01953125,1188.121144596486,6806,0.2353805465765501
2026-01-12T06:13:11.405650,141,-0.033762098662555216,0.003659358702134341,0.6124868527054786,-0.0038781762588769196,0.071484375,-1.8598297199933382,-0.004893638970486399,0.00390625,1188.8068231484322,6807,0.23549287498163654
2026-01-12T06:13:59.264801,142,-0.03701715753413737,0.0012360171545878983,0.7341780200600624,0.00823474588105455,0.06875,-22.289578837734485,-0.006745521196600909,0.0,1188.8068231484322,6807,0.23549287498163654
2026-01-12T06:14:47.074205,143,-0.03799469666555524,0.001353247392398771,0.7463833913207054,0.009542087971931323,0.08203125,-18.804555419781217,-0.006743219065513817,0.0,1188.8068231484322,6807,0.23549287498163654
2026-01-12T06:15:46.070092,144,-0.01065993495285511,0.270266804844141,0.49036337435245514,0.03424505703151226,0.05078125,0.055579476825107,0.0007420600140052493,0.01171875,1191.570293465947,6819,0.23551840445813169
2026-01-12T06:16:36.219958,145,-0.03389535192400217,0.278728549554944,0.5444183140993119,0.008602156862616539,0.0828125,0.03955068292151098,-0.03344513333625597,0.01953125,1181.705727505648,6850,0.23518248175182482
2026-01-12T06:17:26.145431,146,-0.04255514581584268,0.675399956603845,0.5730844404962327,0.008828173585546514,0.07465277777777778,0.0044927778385569495,-0.015641428507940647,0.03515625,1178.4093483405748,6880,0.23546511627906977
2026-01-12T06:18:24.730660,147,-0.04551544114947319,1.6862658709287643,0.6320266082882882,0.007985452562570572,0.090234375,0.06045237409561666,0.03942345487856273,0.02734375,1195.444452355614,6918,0.23518357906909512
2026-01-12T06:19:21.734562,148,-0.03753824303857982,0.5748154513537884,0.6956361889839172,0.0083150835998822,0.095703125,-0.032344789109738814,-0.011566465871133733,0.0390625,1193.6621553656212,6977,0.2346280636376666
2026-01-12T06:20:11.217823,149,-0.036244073789566754,0.21972292438149452,0.5996151864528656,0.0045306578889722,0.0875,-0.02690859944317281,-0.0452816242123857,0.015625,1181.5991991216815,7030,0.23357041251778093
2026-01-12T06:20:59.876211,150,-0.0343012542463839,1.377826239168644,0.6474018961191177,0.004246194186271169,0.0921875,0.03411805826534364,0.07384055304924218,0.04296875,1209.1527903447025,7085,0.23316866619618914
2026-01-12T06:21:54.775594,151,-0.04138190555386245,2.285653218626976,0.6369001477956772,0.003812281068530865,0.088671875,0.05139637639902794,0.06859585348769225,0.0546875,1237.5764965348692,7136,0.2336042600896861
2026-01-12T06:22:44.272305,152,-0.029563488555140793,4.973384812474251,0.6496293544769287,0.01731061318423599,0.09375,0.04620242598780766,0.03685497514388678,0.04296875,1253.6791452983787,7181,0.2336721905027155
2026-01-12T06:23:33.331329,153,-0.03392525156959891,0.8604404143989086,0.6564589906483889,0.01277960817242274,0.0634765625,-0.03893471851152941,0.05633145946486964,0.05859375,1276.979804424395,7237,0.23393671410805583
2026-01-12T06:24:25.810978,154,-0.045416857581585646,3.0956270545721054,0.6320464223623276,0.012820093962363898,0.116015625,-0.01774645966348909,0.09854991012208995,0.09765625,1315.8771411153164,7301,0.23531023147514038
2026-01-12T06:25:32.361948,155,-0.03262196404726377,2.7294085451534817,0.7125732281378337,0.007379515499841156,0.08872767857142858,-0.057442537564905916,0.0728229903124303,0.03515625,1345.9760641641558,7364,0.23465507876154265
2026-01-12T06:26:34.170175,156,-0.02554058376699686,0.6823905636556447,0.7040001712739468,0.007931751461001113,0.0517578125,-0.058199378661964785,0.031153509121316966,0.0234375,1359.3636967058685,7384,0.23469664138678223
2026-01-12T06:27:28.232127,157,-0.031135286786593497,0.3591060366791983,0.7981518556674322,0.008231828028025726,0.05859375,-0.07901455192395845,-0.027556799870392272,0.0078125,1351.7888501120399,7398,0.2345228440118951
2026-01-12T06:28:29.660360,158,-0.031328853126615284,0.4471183971501887,0.8345788806676865,0.0062772056320682165,0.040234375,-0.013961230780955347,0.018783326750558597,0.01171875,1361.2904455738606,7421,0.23420024255491173
2026-01-12T06:29:25.906765,159,-0.037908591283485296,0.7948701217770576,0.7275505661964417,0.0032024675136199223,0.0625,-0.013351412613310076,-0.05185339339413404,0.0078125,1344.7589952724531,7442,0.23380811609782318
2026-01-12T06:30:19.268971,160,-0.04433648851700127,0.00477412436157465,0.6719001293182373,-0.003805845644092187,0.069140625,-3.4764850596235934,-0.009031893385869324,0.0,1344.0014195148774,7444,0.2337452982267598
2026-01-12T06:31:12.795979,161,-0.03483914900571108,0.44171456061303616,0.6042735770344734,-0.009349049074808135,0.109375,0.020845866883648867,0.029175119437484975,0.046875,1356.4675983288278,7480,0.23422459893048128
2026-01-12T06:32:06.121966,162,-0.035739367641508576,0.36736755482852457,0.6037555739283562,0.004267904855078086,0.06171875,0.017132327962051885,7.005252673421844e-05,0.0234375,1359.9158382747478,7499,0.23443125750100013
2026-01-12T06:33:00.877948,163,-0.032554743252694605,0.47658441215753555,0.6572602346539498,0.0029261645366204904,0.116796875,0.007975429315290383,-0.04291342348276867,0.01953125,1346.687120654765,7538,0.23388166622446271
2026-01-12T06:33:59.772186,164,-0.04315093248151243,1.0729083441197873,0.6914754539728165,0.002092324837576598,0.059375,0.01260534933408175,0.005815806722616534,0.04296875,1351.3993431203467,7575,0.2341914191419142
2026-01-12T06:34:50.430994,165,-0.037772824929561466,1.0823259819298983,0.6774870622903109,0.011144988697196823,0.08740234375,0.09158681850276873,0.0940943431446784,0.07421875,1388.582197517847,7611,0.23558008146104323
2026-01-12T06:35:39.779477,166,-0.027506757527589798,0.7966208805640539,0.7099192241827647,0.017384148377459496,0.078125,0.007822321923467657,0.013820968905924717,0.04296875,1396.252131487005,7644,0.2360020931449503
2026-01-12T06:36:29.644578,167,-0.03752172612585127,1.0583800584077836,0.6896061345934867,0.007993269167491235,0.05703125,0.023685372927145343,0.05149714589156866,0.05859375,1417.7891374821795,7690,0.2365409622886866
2026-01-12T06:37:18.242412,168,-0.03660668786615133,0.9197226494550705,0.6558371216058732,0.0111984878545627,0.084375,-0.033082007827194504,0.020735543800293774,0.04296875,1428.299869557203,7735,0.23671622495151906
2026-01-12T06:38:19.587773,169,-0.03101166260118286,0.9263345003128052,0.7580340107282003,0.011853408369158084,0.06640625,-0.010600640430199482,-0.02092102323787589,0.046875,1422.0744243011484,7786,0.2365784741844336
2026-01-12T06:39:21.991454,170,-0.041252544475719334,2.5708040997385977,0.6893594607710838,-0.006042632809840143,0.118359375,0.06255262154426733,-0.11052831498133234,0.03125,1384.2398353914232,7843,0.23600663011602704
2026-01-12T06:40:13.284993,171,-0.03890391794266179,5.6994805708527565,0.7394510544836521,0.007356765418080613,0.08642578125,0.03837732527815729,-0.12330102988070409,0.05859375,1341.3111721895566,7904,0.23595647773279352
2026-01-12T06:41:09.978406,172,-0.047015428473241624,2.7745677292346955,0.7867684781551361,0.008246899803634734,0.17734375,0.01531776891775527,-0.002988746691066556,0.0546875,1342.7646663880603,7971,0.2357295195082173
2026-01-12T06:42:01.630895,173,-0.026356203791995842,14.66017210483551,0.7955757975578308,0.019132280567040045,0.11848958333333333,0.02682334082686544,-0.1270643090893176,0.05078125,1298.5857989578888,8040,0.23532338308457712
2026-01-12T06:42:51.012287,174,-0.03388670412823558,0.5995070219039917,0.7908539950847626,0.006110713852103799,0.06640625,-0.07000173476982963,0.02440839305030728,0.03515625,1310.0838581050525,8076,0.23538880633977216
2026-01-12T06:43:47.142470,175,-0.035155907017178835,0.7476864114403725,0.7583812028169632,-0.003972413198789581,0.120703125,0.021080525567071184,0.025502778368706364,0.07421875,1321.9853013858506,8127,0.23624953857511996
2026-01-12T06:44:39.757782,176,-0.041439521173015234,3.164425329864025,0.757299093902111,0.0003024401667062193,0.0984375,-0.0020382672827670145,-0.030839186998783127,0.015625,1313.175456557019,8162,0.23572653761333007
2026-01-12T06:45:37.677249,177,-0.009369799867272377,0.1541967699304223,0.6997700333595276,0.051236167550086975,0.0390625,-0.010913992191333266,-0.0006229066201665702,0.01953125,1315.4643535387534,8191,0.23550238066170187
2026-01-12T06:46:39.496592,178,-0.028697208307373028,1.078278660774231,0.7188335706790289,0.009527042110372955,0.051432291666666664,0.09797033809625855,0.049685975964350426,0.04296875,1330.1106422461219,8228,0.23578026251823042
2026-01-12T06:47:32.381096,179,-0.05023038350045681,1.278673556447029,0.7544602572917938,-0.0021914527664193884,0.25703125,0.034971351510902804,-0.0017307572458558995,0.04296875,1338.1374815183183,8279,0.23565648025123806
2026-01-12T06:48:21.686877,180,-0.0256014735205099,0.07170808129012585,0.7745816856622696,0.015536149920080788,0.064453125,-0.4544896179501845,0.007986347182600698,0.0234375,1343.601043777951,8336,0.23476487523992323
2026-01-12T06:49:19.684227,181,-0.04793217889964581,0.9988912776112556,0.760444737970829,0.009354741850984283,0.08046875,-0.0029737679014809615,0.006664999767062543,0.046875,1348.577245376101,8411,0.2340982047318987
2026-01-12T06:50:12.932402,182,-0.04480974804610014,0.27660105638206006,0.7428021192550659,0.010396549888537266,0.092578125,-0.07895321273935818,0.03200374562004153,0.05859375,1362.8634703338626,8481,0.23393467751444405
2026-01-12T06:51:06.400940,183,-0.04823230896145105,0.6245191097259521,0.752242560684681,0.005595577077474445,0.0875,-0.19313209701083012,0.020125124733909046,0.0390625,1372.7922640295033,8556,0.23305282842449743
2026-01-12T06:51:53.887488,184,-0.05268947148163404,0.13090287069124834,0.7558304348162243,0.015601322520524263,0.17075892857142858,-0.18186315757548877,0.009320791295033593,0.04296875,1378.7568262210657,8618,0.23265258760733348
2026-01-12T06:52:42.285132,185,-0.04658445590175688,0.47144194729626177,0.7874980658292771,0.01024282027501613,0.11796875,0.012962332080997285,0.05678889079425524,0.09375,1402.1412793151371,8682,0.2337019120018429
2026-01-12T06:53:29.752520,186,-0.03617499334116777,25.018800735473633,0.791376993060112,0.018719754240009934,0.06640625,-0.013065349356218059,0.21733450645697636,0.046875,1484.4500954394753,8745,0.23339050886220697
2026-01-12T06:54:19.535856,187,-0.052613131748512385,0.14544808510690926,0.7544462710618973,0.007286545142414979,0.135546875,0.0004222974195655649,0.0162461098393732,0.05078125,1493.0447364367847,8808,0.233197093551317
2026-01-12T06:55:14.489562,188,-0.047281753225252035,0.027297420194372535,0.7161821812391281,0.0008280822250526399,0.126171875,-0.3128815570059813,0.007686929918017686,0.04296875,1498.4930095027444,8880,0.23254504504504506
2026-01-12T06:56:03.997431,189,-0.0437895065639168,0.05823458111844957,0.7390254512429237,0.004873755056178197,0.10625,-0.13624764166693115,-0.016492836877962925,0.01953125,1495.0520880316417,8948,0.23133661153330354
2026-01-12T06:56:53.585150,190,-0.02647446922492236,0.050070088589563966,0.7705954313278198,0.015493427257752046,0.1044921875,-0.13318733080782397,-0.0046081864748077775,0.03125,1495.97539210173,9000,0.2308888888888889
2026-01-12T06:57:42.013060,191,-0.04568445736076683,0.03618310522288084,0.7147171497344971,0.013038138370029628,0.141015625,0.006322294054328936,0.011045667605791072,0.046875,1502.6513194913296,9060,0.2306843267108168
2026-01-12T06:58:35.042680,192,-0.0349962185913076,0.009857653950651487,0.6297852272788683,0.01016434693398575,0.10026041666666667,-0.1973031100502043,-4.597442783111991e-05,0.0234375,1505.2544750108377,9084,0.2307353588727433
2026-01-12T06:59:32.104206,193,-0.03551555494777858,0.002458594922791235,0.7185262709856033,-0.006743457360425964,0.0921875,-24.082490323616618,-0.007133322580683154,0.0,1505.2544750108377,9084,0.2307353588727433
2026-01-12T07:00:33.195869,194,-0.028022562386468053,0.08383532986044884,0.7173301577568054,0.03184889396652579,0.05078125,0.16215108358112573,0.001099193061189432,0.0078125,1508.696418131473,9108,0.23045674132630653
2026-01-12T07:01:21.237732,195,-0.041371546452865005,0.41961886510252955,0.7035010144114494,0.0038246412863372826,0.132421875,0.02680277711932788,-0.011556173321617135,0.0546875,1507.079866370927,9159,0.23070204170761
2026-01-12T07:02:09.069287,196,-0.05378522430546582,0.47910384386777877,0.7663242384791374,0.0026134841231396423,0.16015625,0.02582776530864095,0.019242861566777257,0.046875,1516.5499864204503,9217,0.23055224042530106
2026-01-12T07:02:56.678962,197,-0.033645845018327236,1.5004899054765701,0.8033127337694168,0.01755195647516909,0.06901041666666667,-0.024874579811200004,0.07638503192616196,0.0546875,1547.394811945615,9266,0.23084394560759766
2026-01-12T07:03:44.944438,198,-0.04203815357759595,0.35228069350123403,0.6933885782957077,0.008402880278299562,0.128515625,0.0372411909696555,-0.022886447750001274,0.0234375,1541.643556172487,9325,0.23002680965147454
2026-01-12T07:04:38.324259,199,-0.05114410873502493,0.9858164027333259,0.7540859341621399,0.004285888289450668,0.1390625,0.07960327951066137,0.09599750714493262,0.078125,1579.794784723216,9376,0.23101535836177475
2026-01-12T07:05:26.551317,200,-0.05049241464585066,1.3057757303118707,0.7172412425279617,0.00538785794051364,0.129296875,0.04052198548541064,0.07043770140186185,0.0625,1607.9347568153903,9438,0.23108709472345837
2026-01-12T07:06:16.172191,201,-0.05134978699497879,0.2387683529406786,0.6653752312064171,4.5780412619933486e-05,0.1125,0.1948460533630172,-0.010206393218048832,0.046875,1606.8694623599472,9495,0.23096366508688784
2026-01-12T07:07:05.676984,202,-0.015045201095441977,0.1870966957261165,0.6895115673542023,0.01527017168700695,0.03125,-0.29386785883378286,-0.008273358871963716,0.04296875,1611.4643418966907,9548,0.23093841642228738
2026-01-12T07:07:59.523093,203,-0.042001284565776585,1.5714218974113465,0.6764975771307945,0.011421473472728394,0.085546875,0.054002825540243826,-0.08207013559807491,0.01953125,1579.1186736560599,9598,0.23015211502396332
2026-01-12T07:08:47.438041,204,-0.041419836971908805,1.3938803926110268,0.7044427126646042,-0.004012114164652303,0.14375,-0.030394315061872845,-0.09931894465486257,0.03125,1545.3358144890385,9650,0.22984455958549221
2026-01-12T07:09:37.509308,205,-0.05191111359745264,1.851235343515873,0.7397942081093788,0.006559286083211191,0.14375,0.010399358269903902,-0.09468681172710046,0.05078125,1513.8358885853265,9706,0.22985781990521326
2026-01-12T07:10:33.670401,206,-0.0449768042191863,2.184168738126755,0.7212450414896011,0.007023415766889229,0.121484375,0.015474453006222633,0.02976858706453935,0.0390625,1528.4401768140528,9762,0.2296660520385167
2026-01-12T07:11:23.868959,207,-0.04678679537028074,3.325647032260895,0.7449895292520523,-0.0006269991456065327,0.115234375,0.13088242110292636,0.09709421049865047,0.0703125,1566.615720883026,9811,0.23035368463969014
2026-01-12T07:12:14.870914,208,-0.048973323218524455,3.033882683515549,0.8010396540164948,0.0009706192708108574,0.093359375,0.03441199166084696,0.04761753926049817,0.01953125,1586.6843239927705,9851,0.22992589584813725
2026-01-12T07:13:10.851679,209,-0.0390480274024109,0.12835218322773775,0.7909426242113113,0.016611880001922447,0.13541666666666666,-1.7990573317758143,-0.020026608532138036,0.01953125,1581.997179994956,9891,0.2295015670811849
2026-01-12T07:14:05.922157,210,-0.038415860012173654,5.295304626226425,0.8138963848352432,0.0030141506344079972,0.08125,0.009012837804875384,-0.060771688973994605,0.03515625,1562.5721187441084,9962,0.22886970487853844
2026-01-12T07:15:08.289641,211,-0.0019920524209737778,0.12465071119368076,0.8242357671260834,0.046735974960029125,0.04296875,-1.4678673101485868,-0.011382035146950678,0.01953125,1560.8227468175169,9990,0.22862862862862862
2026-01-12T07:16:02.104920,212,-0.059498543431982395,0.1555039320141077,0.8055605113506317,0.0003101125708781183,0.199609375,-0.1730601086900514,0.024423570123311384,0.03515625,1572.3861628544798,10039,0.22840920410399443
2026-01-12T07:16:50.242397,213,-0.04729499942623079,0.06311202859506011,0.8289259120821952,0.006713920313632116,0.11875,-0.8678973938350365,-0.01056073915347809,0.0078125,1571.1519005933428,10084,0.22758825862752877
2026-01-12T07:17:38.429937,214,-0.057822750648483634,0.4429372113198042,0.807939139008522,0.006784086488187313,0.179296875,-0.01328996793913162,0.01156764166504071,0.046875,1578.0098627149057,10134,0.2276494967436353
2026-01-12T07:18:27.208681,215,-0.047332367793257744,0.7739466833216804,0.8443554299218314,0.00890431911518265,0.10770089285714286,-0.032895404757078195,0.038418091099554436,0.0390625,1594.695674330177,10172,0.2277821470703893
2026-01-12T07:19:22.088260,216,-0.02354221511632204,0.8674121834337711,0.7596497610211372,0.007963719122926705,0.2001953125,0.12330824789269712,-0.011889465088596552,0.05859375,1592.9890009004325,10214,0.22831407871548853
2026-01-12T07:20:10.526322,217,-0.047229780722409485,0.1577438335865736,0.7244507625699044,-0.0003003930440172553,0.175,-0.2625556340785271,-0.028709061206803544,0.015625,1585.1308033576538,10241,0.22810272434332585
2026-01-12T07:20:58.330598,218,-0.043925290616850056,0.2840174035065704,0.7401070213980145,0.008289185692168152,0.15885416666666666,-0.1105806079013405,0.04618049453799072,0.05859375,1604.6352174475678,10278,0.2287410001945904
2026-01-12T07:21:46.776306,219,-0.04081266227045229,0.5309977137616703,0.7938698721783501,0.011842972399400813,0.11941964285714286,0.0229841399482692,-0.006287627443188762,0.02734375,1604.9742697711506,10301,0.22890981458110862
2026-01-12T07:22:42.831877,220,-0.038607525535755687,0.6532877203490999,0.7419872797197766,0.012666113668173138,0.08723958333333333,-0.018748747636416763,-0.010879898506159653,0.02734375,1603.631134251678,10334,0.22885620282562416
2026-01-12T07:23:32.108864,221,-0.032903541694395244,0.5822302848100662,0.8122775182127953,0.011734793020877987,0.103515625,-0.033448836347237165,0.061961026028100705,0.0546875,1628.8861341624784,10358,0.2296775439273991
2026-01-12T07:24:19.768436,222,-0.04226210624910891,0.4304634243249893,0.8640406936407089,0.002783322730101645,0.052734375,-0.16067439551020013,0.04244234630026834,0.04296875,1647.024693965455,10389,0.23005101549716045
2026-01-12T07:25:08.170987,223,-0.041427750466391446,0.12880667271092533,0.8851265698671341,0.0058280885859858245,0.10234375,-0.026570602325012738,0.015680130071774673,0.0390625,1655.4085474170474,10423,0.23026000191883336
2026-01-12T07:26:01.603317,224,-0.04202762725763023,0.14851707220077515,0.9408526673913002,0.004350463446462527,0.12890625,0.09848527977327093,-0.009483581664992564,0.02734375,1654.611465898209,10448,0.23037901990811638
2026-01-12T07:26:49.834637,225,-0.0410190774127841,0.2109706579707563,0.8855982705950737,0.004595100929145701,0.07578125,-0.08583810777718193,0.017963364323086376,0.0234375,1664.3122779528478,10490,0.23012392755004765
2026-01-12T07:27:37.848217,226,-0.04244838715530932,0.042057516239583495,0.8090645834803581,-0.0019414749520365148,0.091796875,-0.019081790479507088,0.007648755930701754,0.03125,1669.2808119101483,10527,0.2299800512966657
2026-01-12T07:28:27.206486,227,-0.03621071099769324,1.8474441394209862,0.8701652586460114,0.018308588390937075,0.083984375,-0.003630041339812262,-0.015391146634432685,0.0234375,1666.1646377107643,10547,0.23011282829240542
2026-01-12T07:29:40.801629,228,-0.041445393580943346,10.576562285423279,0.7790652476251125,0.01021690561901778,0.1416015625,-0.003324657675489062,0.21007200454081884,0.10546875,1745.441393380969,10646,0.23050911140334399
2026-01-12T07:30:38.438127,229,-0.03704944113269448,0.09520270023494959,0.6179669708013534,0.010800972336437554,0.081640625,-0.1278009168183074,-0.011670627586897103,0.01953125,1743.8977050979634,10658,0.2307187089510227
2026-01-12T07:31:33.895570,230,-0.040244054654613136,0.41788182593882084,0.7523772597312928,0.005012727322173305,0.08359375,0.01911862808116238,-0.023452686780367535,0.015625,1738.0545233566138,10681,0.23059638610616984
2026-01-12T07:32:30.011718,231,-0.0460738655179739,1.475547967851162,0.7570725306868553,0.006224189134081825,0.171484375,0.004241932801009596,-0.03234321941305091,0.0234375,1728.0932981177007,10711,0.23051068994491644
2026-01-12T07:33:24.873824,232,-0.04626601105555892,0.5246187262237072,0.772971872985363,0.0027764323691371827,0.10078125,-0.005507269403188131,0.03742608778040421,0.03125,1745.3062684505708,10735,0.23074056823474615
2026-01-12T07:34:28.314812,233,-0.031755509631087385,0.5655562405784925,0.7570879658063253,0.017090443851581465,0.12630208333333334,0.0032437560670475207,0.025429624361446686,0.0390625,1766.3578721027534,10774,0.23092630406534248
2026-01-12T07:35:22.373502,234,-0.03584528895508912,0.8141119033098221,0.7172664834393395,0.012545364300927354,0.05772569444444445,0.002449435739912187,0.02933765047909641,0.03125,1770.6838636315586,10811,0.23078346128942742
2026-01-12T07:36:13.415230,235,-0.04364497968927026,0.6737584277987481,0.7590933442115784,0.005158841630327515,0.09375,0.04388123878832362,0.017637035101354222,0.04296875,1779.830237425891,10849,0.23098903124711956
2026-01-12T07:37:06.307376,236,-0.05853295908309519,1.2091914355754851,0.7811505332589149,0.00373757352354005,0.115234375,-0.03040573526181256,-0.0681634562956264,0.02734375,1757.7298648111228,10891,0.23074097878982647
2026-01-12T07:38:04.365505,237,-0.056878685392439364,21.067649102211,0.7834964618086815,0.012319465581094846,0.14140625,0.0366231408808908,-0.2953503978948717,0.04296875,1652.821685149328,10941,0.2306918928799927
2026-01-12T07:38:55.178314,238,-0.031660301494412124,4.013215363025665,0.7962803319096565,0.01427150989184156,0.0986328125,0.006619325521984631,-0.05478485450525486,0.0390625,1635.4762946173662,11003,0.23030082704716895
2026-01-12T07:39:46.585420,239,-0.04107132968492806,0.8057684257626534,0.785976393520832,0.009521465731086209,0.1734375,-0.05758673497924849,-0.010626421593212624,0.04296875,1636.1269821969372,11047,0.23046981080836426
2026-01-12T07:40:41.680306,240,-0.04826400517486036,3.255831849575043,0.8177259013056755,0.0012169948255177586,0.16015625,0.03571048231213503,-0.0969891460881,0.03125,1602.1982747080594,11090,0.230297565374211
2026-01-12T07:41:32.561965,241,-0.05379485944285989,0.9515234813094139,0.8696420356631279,0.010708644980331883,0.182421875,-0.07689112516642393,-0.030237206321564798,0.02734375,1593.057246306138,11119,0.23023653206223582
2026-01-12T07:42:26.314488,242,-0.052359992545098065,2.799232566356659,0.8620541989803314,0.005619396921247244,0.115625,-0.0052482638898814216,-0.04261289054413863,0.03125,1580.111327560376,11159,0.2301281476834842
2026-01-12T07:43:16.713330,243,-0.04573083918076008,12.790291047096252,0.7747304752469063,0.010213078872766346,0.137109375,0.011490556265927099,0.14581446317393654,0.0234375,1635.9367464417053,11198,0.22986247544204322
2026-01-12T07:44:15.893118,244,-0.044677595933899285,1.8962282583117485,0.7736633270978928,0.015773586777504532,0.098828125,0.040458002877659216,-0.02803007629375781,0.02734375,1628.319868457293,11235,0.22981753449043169
2026-01-12T07:45:27.504956,245,-0.01331439707428217,0.19389627873897552,0.8026092648506165,0.03078496176749468,0.05859375,-0.32365875561500257,-0.004622145471409987,0.015625,1629.245434567525,11255,0.22976454908929364
2026-01-12T07:46:38.448297,246,-0.04669790174812079,0.4605515494942665,0.6993226781487465,-0.0018018169066635892,0.1734375,-0.5339387888569549,-0.019479022449368773,0.0234375,1624.7504763206737,11295,0.2294820717131474
2026-01-12T07:48:01.262772,247,-0.039453765749931334,0.2999123133718967,0.7264178425073624,0.011218066749279387,0.103125,0.0589642765292292,0.022249902507943328,0.03515625,1634.750664389717,11336,0.22944601270289344
2026-01-12T07:49:14.295670,248,-0.02912517893128097,0.1515928227454424,0.7719737514853477,0.005121113281347789,0.20703125,-0.2893284399417715,0.009171474658652298,0.01953125,1646.2812654202412,11371,0.22935537771524053
2026-01-12T07:50:24.387227,249,-0.05005506253801286,0.2761509492993355,0.8275408461689949,0.006250890382216312,0.078515625,-0.08460685023926384,0.03740707321587413,0.03125,1658.5278402923202,11409,0.22920501358576562
